firstname,lastname,phone,company,job_title,birthday,email
Fawn,Innis,5667428753,,,,finnis0@cnbc.com
Hesther,Courtliff,4581083876,"Hermiston, Carter and Mills",Web Developer III,,
Brand,Barajaz,5809446512,Brakus-Gleason,Product Engineer,,
Isabella,Kelleher,1973938129,,,,ikelleher3@wired.com
Philly,Larratt,9077679368,"Roberts, Parker and Rath",Senior Developer,,plarratt4@themeforest.net
Noella,Leggitt,6829786486,,,,nleggitt5@state.gov
Tammie,Fleckno,1577070226,,,,tfleckno6@aboutads.info
Sanson,Jochanany,3382941997,,,,
Cacilia,,3218465778,Brakus LLC,Web Developer I,,ckidde8@bloglovin.com
Marlena,Houndesome,9966379179,,,,
Shanna,,1132075413,,,,ssparshatta@unblog.fr
Osbert,,4318436710,,,,
Ebonee,,8225245669,MacGyver Group,Pharmacist,,
Marris,,4326203256,,,,mcathersidesd@sourceforge.net
Marris,Brechin,2734410100,,,,mbrechine@cbc.ca
Dex,,8511336379,,,,
Thorpe,Hardy-Piggin,4778606349,,,,thardypigging@theatlantic.com
Thom,Bownass,2547531500,,,,tbownassh@gov.uk
Cleon,Claessens,3347218680,,,,cclaessensi@upenn.edu
Kim,Redgrove,8522551282,,,,
Earlie,Everal,8998515872,,,,eeveralk@time.com
Crosby,,6213335269,"Nolan, Corkery and Okuneva",Software Test Engineer II,,
Kamilah,Bertrand,8601677879,,,,kbertrandm@biblegateway.com
Dorella,McKeurtan,1779252264,,,,
Trudy,Farnaby,7644069903,,,,
Lise,Nigh,9155105558,,,,lnighp@wsj.com
Harwell,Plevey,9846578897,,,,hpleveyq@google.fr
Desiree,Bohlsen,4279042930,,,,dbohlsenr@cafepress.com
Eveleen,McGraith,5398585339,Emmerich Group,Media Manager IV,,
Matthiew,,6518968539,,,,
Suzanna,Winser,6308010753,,,,swinseru@cnbc.com
Babs,,6939534646,,,,
Miran,Nutten,1561816666,,,,
Lamont,Rustadge,1857988595,,,,lrustadgex@altervista.org
Steward,,3947411239,,,,
Sheelah,Lanigan,5851833853,,,,slaniganz@miibeian.gov.cn
Georgianne,Medina,6521155262,,,2001-05-27,gmedina10@google.pl
Derrik,,7195896739,,,,
Carlene,Dudden,1464952043,"Rutherford, Lang and Mraz",Accounting Assistant III,,cdudden12@flickr.com
Dorian,,6894790997,,,,
Shepperd,Deeney,8306661453,,,,
Margo,,8631512030,,,,mmabley15@issuu.com
Halette,Baily,2652207234,,,1995-02-04,hbaily16@mapquest.com
Nolie,Duggen,1104954395,,,,nduggen17@example.com
Adrian,,8915519597,,,,anesby18@blog.com
Chancey,,2158457886,,,,cbraybrookes19@opera.com
Englebert,Greed,1863111019,Purdy-Wunsch,Design Engineer,,
Andi,,1679094604,,,,aragbourne1b@seesaa.net
Laird,Koenraad,1782321819,,,,
Lorelle,,1682212892,,,,lashbey1d@bbb.org
Garey,Dailey,9922848691,,,,
Cornie,Le Grice,3348800036,,,,
Alley,,5567565306,,,,
Caterina,Warham,7109862172,,,,
Dehlia,,3083868973,,,,
Jackquelin,,1724190923,,,,
Shani,McGhie,9565714710,,,,smcghie1k@utexas.edu
Jacquelin,Cassel,9507682839,,,,jcassel1l@surveymonkey.com
Winnie,Entwhistle,4958424271,,,,
Roscoe,Gillbanks,1182759251,,,,
Eben,,6822048218,"Murazik, Bosco and Bogisich",Help Desk Operator,,
Carolyne,,6138706904,,,,
Tracie,Ewenson,7848949996,,,1998-07-26,
Bax,Duffrie,4394579243,,,,
Marcelo,Casement,2377207212,,,,mcasement1s@omniture.com
Sallee,Cardno,7677693402,Towne-Mills,Recruiter,,scardno1t@yandex.ru
Nicolai,Warwicker,4047055752,,,,nwarwicker1u@home.pl
Cherry,Deer,3813457019,,,,cdeer1v@jimdo.com
Grete,Kindread,1156209972,,,,
Nelly,Pesik,3369936762,"Lesch, Hilpert and Feil",Account Executive,,npesik1x@abc.net.au
Heddie,Dinnington,8121942735,,,,hdinnington1y@phoca.cz
Chrisy,Issit,5963330753,,,,cissit1z@opera.com
Karia,,1978445839,,,,
Josi,,5443118464,Funk-Bailey,Recruiting Manager,,
Josias,,9202924065,,,,
Jaquith,Woloschin,7226886536,Adams-Mills,Product Engineer,,
Rancell,,4791119782,,,,rsharland24@washington.edu
Dionne,Vannacci,5943536922,,,,dvannacci25@webs.com
Marv,Joust,2074350850,,,,mjoust26@latimes.com
Garvin,,9037158953,,,,
Camey,McGinly,2824167548,,,,
Maible,Belden,4098133653,,,,
Mortie,Kinset,6846746137,Hirthe-Hettinger,Programmer Analyst III,1981-12-07,
Sher,,5556381419,,,,
Delores,Halpen,7007695361,,,,dhalpen2c@earthlink.net
Gunter,Roomes,9189173791,,,,
Baxie,,8765049222,,,,
Tova,Wipper,6591156450,,,,twipper2f@wordpress.com
Cordula,Zanitti,2231767838,,,,
Hurleigh,,4086519613,,,,hblondell2h@utexas.edu
Yorker,Huguet,9597002604,,,,
Lou,,5411025466,,,,
Giustina,,1033563730,,,,gbayles2k@vistaprint.com
Cicely,Balmer,5072548521,,,,
Astrid,Bilbrook,6542672450,,,,
Larine,,8224447209,,,,
Joli,Durant,1821004712,Christiansen-Lang,VP Marketing,,jdurant2o@gmpg.org
Vincent,Pryell,8009870465,,,2001-12-05,vpryell2p@illinois.edu
Chelsea,,3703219015,"Adams, Morar and Simonis",Compensation Analyst,,
Zonda,,2422292038,,,1997-10-30,zlambard2r@examiner.com
Fiorenze,,5559323949,,,,
Nicolea,Gervaise,6677337123,,,,ngervaise2t@woothemes.com
Gwendolyn,McCaskell,6346473998,,,,gmccaskell2u@themeforest.net
Fidela,Paolotto,6904346791,,,,
Agnese,Ewbank,6193584022,,,,
Chrissie,,3382701962,,,,cstanger2x@opera.com
Goldy,Mattholie,6406419754,,,,gmattholie2y@scribd.com
Gert,,7192408985,,,,giacobetto2z@ucla.edu
Russ,,3954017402,Medhurst Inc,Programmer I,,
Lory,,9868970132,,,,
Reinold,,8519331950,,,,
Carline,Crux,3851266229,,,,ccrux33@ebay.com
Spike,Briat,2814307265,,,,
Sela,,4775201133,,,,sdysart35@clickbank.net
Max,,5138011891,,,,
Gan,Wollacott,8389413038,,,,
Luella,,1164959790,"Olson, Grady and Ziemann",Desktop Support Technician,,lmacdiarmid38@amazon.com
Clio,,4686836156,Schoen and Sons,Computer Systems Analyst III,,
Jennine,Adamovicz,9013949242,Schaefer Group,Assistant Media Planner,,
Bradney,,9192633621,,,,
Sibella,Raincin,1724028536,,,,sraincin3c@soundcloud.com
Parke,McRobbie,8448329626,,,,pmcrobbie3d@geocities.com
Rhett,,1371922174,,,,
Tanny,,5854536378,,,,
Hana,,9847950860,,,,hmaffin3g@whitehouse.gov
Betty,,9311904496,,,,
Revkah,,3137031711,,,,
Genna,Patise,4806115372,,,,
Dudley,,9762298574,,,,
Johnny,,3224864903,Sawayn Group,Chemical Engineer,,jprimett3l@dagondesign.com
Rogerio,Spadollini,6803355615,,,,rspadollini3m@artisteer.com
Cherice,Tellwright,3262712400,,,,
Ellissa,Cakes,2714368492,,,,ecakes3o@wired.com
Brianna,Barsam,5554267671,,,,bbarsam3p@economist.com
Emerson,,6794469997,,,,
Wash,,4603105407,,,,
Cindelyn,Zorer,9129834456,,,,czorer3s@umich.edu
Heidi,,9036312948,Sipes Group,Data Coordiator,,
Ali,Leteurtre,2455665428,,,,
Suzie,Fensome,6416631566,,,,sfensome3v@bbb.org
Garrott,Branney,6861516031,Hartmann Inc,Safety Technician III,,
Ellissa,Fidgett,1506222287,,,,
Modesty,,3877456328,,,,mbenza3y@meetup.com
Stephannie,Ashfold,4877553028,,,,
Ulrika,Mancer,5419523366,,,,
Brok,Gaish,4406515482,,,,
Aeriela,Venard,9078845303,,,,avenard42@livejournal.com
Rakel,Fritchley,5112558119,,,,
Bernette,,5289924002,,,,bshapero44@ca.gov
Darn,Bleasdille,4652314256,Reichel and Sons,VP Sales,,
Chas,Cyster,2867460249,,,,
Theda,,5722912279,,,,
Kinny,Fairchild,5913987137,,,,kfairchild48@spotify.com
Kris,Haitlie,2202759689,,,,khaitlie49@tinyurl.com
Northrop,Riglesford,9405929240,,,,nriglesford4a@google.ca
Carlin,Camosso,5032618753,Nikolaus-Donnelly,Recruiting Manager,,
Sayers,Siddens,1403939970,,,,ssiddens4c@oakley.com
Carlota,Gelling,5568173885,,,,cgelling4d@sciencedaily.com
Gwenni,,1024699169,"Hansen, Wilkinson and Ratke",Dental Hygienist,,gwrigley4e@wordpress.com
Arni,Tarrant,5903319390,,,,atarrant4f@weibo.com
Glenda,Leman,1372351624,,,,gleman4g@gmpg.org
Kira,Metcalfe,9387972578,,,1999-02-03,
Astra,,4808798661,,,,
Ramsay,Dumigan,1793115100,,,,
Cher,,9836860272,,,,
Stephi,Spedroni,8975630751,,,,
Winnifred,Kief,2162466674,,,,wkief4m@uiuc.edu
Del,Chainey,5718521393,,,,dchainey4n@npr.org
Magda,Bertelsen,1557261821,,,,
Ailene,Mellmoth,9443564000,,,,
Averil,,4301775047,,,,
Maurine,Gerred,9271366198,Friesen-Collier,Engineer I,,mgerred4r@imageshack.us
Lock,,4983114988,,,,ldesaur4s@admin.ch
Guenevere,Thoday,7372285383,,,,
Jannelle,Turtle,1775689576,,,,
Damita,,8637498671,,,1994-11-04,
Brittne,Mascall,8883979488,,,,
Mallissa,De Vaar,4266533044,,,,mdevaar4x@omniture.com
Raquel,Rolfo,7387072041,,,,
Annabel,Rohlf,8792700406,,,,
Graig,Janczewski,7996748091,,,,gjanczewski50@abc.net.au
Moises,Startin,5376483623,,,,
Edna,Andrez,6945118605,,,,
Janean,Cammocke,6431793290,,,,
Kassey,Perello,3834352559,,,,
Kenyon,Tschierasche,1413136598,,,1996-06-25,
Savina,Tolmie,5736783577,,,,
Bink,Linde,8907430661,,,,
Jacquette,,7411115214,,,2002-06-30,
Annabell,,5876232087,,,,
Blythe,Meriton,1457265571,,,,
Regan,Stailey,3816669061,,,,
Sibella,Wyllis,6003128649,,,,swyllis5c@weebly.com
Cordy,,3705144128,,,,
Andy,Heartfield,5897113037,,,,
Dynah,Blease,7879319458,,,,
Etta,,3045369110,,,,estollard5g@opera.com
Genvieve,Carter,1694773001,,,1981-08-17,
Donelle,Birkhead,9782320775,,,,dbirkhead5i@sfgate.com
Brodie,Dundendale,8145863800,,,,
Amity,Kuhnke,3528352147,,,,akuhnke5k@booking.com
Del,Shinn,3206453252,,,,dshinn5l@sogou.com
Francene,,9072169540,"Schaden, Kemmer and Douglas",VP Marketing,,fgenn5m@bizjournals.com
Allianora,,3058347717,Frami LLC,Staff Scientist,,
Zita,,4466365803,,,,zgradly5o@ning.com
Elianore,,8741354144,,,1998-10-11,
Ruthanne,,7707864329,O'Hara-Krajcik,Staff Scientist,,rtrusler5q@icq.com
Audie,Key,4559177638,,,,
Marybelle,Lysons,2549337108,,,,mlysons5s@liveinternet.ru
Dietrich,,1172703680,,,,
Jabez,Huggin,2769500195,,,,
Eloise,,7884313386,,,,egrier5v@walmart.com
Kelley,McCathy,4016633982,Langosh LLC,Office Assistant I,,kmccathy5w@ftc.gov
Cybill,Gimenez,2531014957,,,,
Carine,Vears,8105413380,"Hessel, Pollich and Sporer",Compensation Analyst,,
Travers,Kehri,9991216298,,,,
Danna,Brealey,6845698866,,,,dbrealey60@pbs.org
Pauline,,4129790889,,,,phaestier61@opensource.org
Eustacia,Marriner,7038431869,,,1991-07-31,emarriner62@instagram.com
Darby,,6132822137,,,,dcockren63@wp.com
Maryrose,,7269595369,,,,
Lucas,,3261171951,Crooks-Rutherford,Web Developer II,,
Kit,,8231851402,,,,kbenini66@moonfruit.com
Celina,Lister,3239896150,,,,
Felicle,Vedekhin,4472803281,,,,
Phil,,7662413042,Jakubowski LLC,Paralegal,,psomersett69@constantcontact.com
Fax,Feige,3938957002,,,,ffeige6a@domainmarket.com
Kriste,Tenaunt,8698958401,,,,ktenaunt6b@hc360.com
Saw,Brockley,6773291202,,,,sbrockley6c@wired.com
Leticia,,3138261493,,,,ltebbs6d@ftc.gov
Darb,,7935747224,,,,
Geri,Lissandre,5897824414,,,,
Teador,,9084143530,,,,
Magda,,9485697484,,,,
Jephthah,,3317886576,,,,jdilkes6i@census.gov
Gareth,,1143135937,,,,gmedler6j@i2i.jp
Elijah,McKelvey,9487255801,,,,emckelvey6k@java.com
Jobyna,Ickov,1513481165,,,,
Kassey,Van der Hoven,6416791897,,,,kvanderhoven6m@youtu.be
Jordain,,6849424507,Pacocha-Hamill,Human Resources Manager,,
Hedwiga,Pettingall,3506253796,,,,hpettingall6o@drupal.org
Tomkin,Gauson,5207816885,,,,tgauson6p@hugedomains.com
Johnathan,,8951458319,,,1991-02-15,
Gerri,,4927788186,Ledner-Breitenberg,Staff Scientist,,
Ibrahim,,2914677548,,,1999-12-13,
Kermie,Franzman,2954241254,,,,kfranzman6t@usgs.gov
William,Lumsdale,1251688485,,,,
Danika,Meran,9111861681,,,,dmeran6v@over-blog.com
Germain,,3513129544,,,,gcasado6w@ezinearticles.com
Warden,,7399844187,,,,
Beilul,,3916158483,,,,bpeaddie6y@home.pl
Prudi,,2706428324,,,,pturbill6z@dion.ne.jp
Phil,Grigoliis,7573845599,,,,
Lucille,Antonin,1555658315,"Okuneva, Schaden and Kihn",Payment Adjustment Coordinator,,
Marylinda,,9736362773,,,,
Hart,Lube,5236670635,,,,hlube73@bing.com
Cordie,,6389286500,Heidenreich-McClure,Registered Nurse,,
Stefanie,,3421133560,,,,
Kerwinn,,3658742356,,,,
Warde,,5052050809,,,,wgunby77@storify.com
Zedekiah,,6699333323,,,,
Brooke,,4872219949,,,,bcaskie79@bandcamp.com
Sella,Fairn,8003423129,,,,
Catrina,,9929270570,Powlowski-Ruecker,Director of Sales,,
Rosalie,,6196880592,Homenick-Flatley,Computer Systems Analyst III,2001-05-28,rcockram7c@t-online.de
Christoforo,Elsay,3206853918,,,,celsay7d@newyorker.com
Baudoin,Lightbourn,8633599029,,,,blightbourn7e@meetup.com
Herb,Dibson,7628054343,,,,hdibson7f@moonfruit.com
Silas,,3006663207,,,1998-09-16,
Ozzie,Klimkovich,5649624752,,,,
Ker,,6394202573,,,,
Angelita,,8383740810,,,,amacallen7j@sakura.ne.jp
Cad,Massei,4194932756,,,,
Milli,Tullett,4767603391,,,,
Rodrigo,,9823860650,,,,rmountlow7m@bandcamp.com
Gennie,Levick,6967527034,,,,glevick7n@economist.com
Ferne,Greenroad,4957722951,Kemmer-Rippin,Geologist III,1994-08-12,
Farlie,Spadaro,1692614443,,,,fspadaro7p@slideshare.net
Benson,Maidlow,1866978536,Nader-Romaguera,GIS Technical Architect,,bmaidlow7q@typepad.com
Nelia,,2899299305,Fadel Inc,Computer Systems Analyst II,,nlargen7r@thetimes.co.uk
Bride,Cossington,9163181455,,,,bcossington7s@java.com
Richard,,7109258652,Tillman-Walker,Junior Executive,,
Avram,Jiroutek,2722486362,Wunsch-Mosciski,Office Assistant I,,ajiroutek7u@issuu.com
Gayelord,Chevalier,6323734033,,,1985-09-15,
Morrie,Posselwhite,7969314684,,,,mposselwhite7w@csmonitor.com
Verena,Ferreras,7196612214,,,,
Rubia,Cruickshanks,3906416576,,,,rcruickshanks7y@behance.net
Emilie,,4414650626,,,,
Georgianne,Kermath,5838666154,Hoppe-Simonis,Teacher,,
Thadeus,Bloodworth,4247373776,,,1993-11-23,tbloodworth81@nbcnews.com
Robb,,9159131626,,,,
Talia,Lalley,7757206379,"Macejkovic, O'Conner and Cartwright",Senior Developer,,
Kristian,,3236797642,,,,
James,Yakubovics,3814919047,"Bahringer, Krajcik and Kozey",Software Consultant,,
Clemmy,Escalante,7962171747,,,1982-12-02,
Umberto,,5902687567,,,,
Lesley,Poetz,5546425633,,,,lpoetz88@live.com
Waneta,,1828826403,,,,wmcpharlain89@cdc.gov
Deane,,6686816688,,,,dyitzovicz8a@cdbaby.com
May,,2018010085,,,,
Teriann,,2246544398,,,,tnials8c@intel.com
Mirabelle,Bohman,7068683571,,,,
Van,Andrzejak,9324879420,,,,
Allayne,,5747389564,,,,amarling8f@chron.com
Alie,,6639804647,,,,
Genia,Navein,4449424688,,,,gnavein8h@bluehost.com
Paquito,,8463322775,Greenholt Inc,Mechanical Systems Engineer,,
Winnah,Crommett,6828496873,"Becker, Hyatt and Funk",VP Sales,,
Elenore,,9176282547,,,,
Rani,Inns,4603149013,,,,
Vivi,,6765924719,,,,vcovill8m@alexa.com
Minerva,McAllaster,5963751415,"Marvin, Spinka and Thompson",Clinical Specialist,,
Culley,,4539793403,,,,
Chrotoem,Astall,4156378118,,,,
Floyd,Raith,1316396431,,,,
Leticia,Watson-Brown,9977746187,Conroy Inc,Nurse Practicioner,,
Georgette,,6327149158,Dickinson and Sons,Professor,,groderighi8s@google.com.br
Jeanette,,3028269602,,,,jovenden8t@twitter.com
Madelena,Madders,6743917243,,,,
Jonie,Castellaccio,5036105957,,,,jcastellaccio8v@w3.org
Durward,Hackworth,6516184032,,,,
Dayle,,2581385510,,,,
Barbabas,Conor,1108885804,,,,bconor8y@ucoz.ru
Alric,Serjent,8041906153,,,2000-04-16,
Olin,,8565953354,,,,
Brittani,Baniard,7806973043,,,,
Bone,Lindeman,9225326637,,,,blindeman92@slashdot.org
Giacomo,Melledy,6979501610,,,,
Rubi,,4965682107,,,,
Chance,Easthope,9399189103,,,,ceasthope95@studiopress.com
Seamus,,3777328967,"Willms, Schmitt and Wyman",Research Assistant I,,
Nichole,Verrell,4031389697,"Deckow, Volkman and Auer",Senior Developer,,nverrell97@yellowpages.com
Caitrin,McQuarter,6305251947,,,,
Suzann,Sorley,7559875553,,,,
Jdavie,Pendergrast,7797927140,,,,jpendergrast9a@altervista.org
Mariann,Symcoxe,3124188555,Schaden Inc,Analog Circuit Design manager,,
Bronnie,Rutland,5504956388,,,,
Thorndike,Kuhle,9199976561,,,,tkuhle9d@quantcast.com
Myron,Alwen,4362490427,,,,
Miran,,3173185125,,,,mcottom9f@soup.io
Luella,,7627304713,"Schneider, Reilly and Bosco",GIS Technical Architect,,lbarwise9g@deliciousdays.com
Cortney,,4837628485,,,,
Marlene,,2993638085,Nicolas Group,Budget/Accounting Analyst I,,
Kate,,6365336089,,,,
Nessie,,2196591848,Bergnaum-Purdy,Accountant II,,
Manya,Gannaway,6976868848,,,,
Catlin,Quickenden,4348329421,,,,
Felipa,,7333569323,,,,forthmann9n@nifty.com
Cassondra,Rapport,9649704726,,,,crapport9o@newyorker.com
Wells,,9056491560,,,,wlucchi9p@slate.com
Findlay,,3691605461,Swift Inc,Senior Developer,,
Jilly,,5599461193,,,,
Simon,Beyne,3658441351,,,,sbeyne9s@phpbb.com
Jessie,Kilner,1677112944,,,1991-02-09,
Yasmeen,Withrington,9068333469,,,,
Laverne,Zamboniari,3437745250,,,,lzamboniari9v@washington.edu
Davon,Sargeant,7014203186,,,,dsargeant9w@craigslist.org
Gerik,Sreenan,4022912296,,,,
Linet,,8345866608,,,,
Neron,Beernt,2052853932,,,,nbeernt9z@prlog.org
Mylo,,2341746740,,,,
Lira,,2118450498,Brekke Inc,Information Systems Manager,,
Ruperto,Allebone,2828640301,,,,
Neddy,Doull,2121489669,,,1986-09-21,ndoulla3@google.co.uk
Audre,Geist,5846353847,"Kunde, Sporer and Wintheiser",Payment Adjustment Coordinator,,ageista4@macromedia.com
Rivi,Bibey,5368487371,McLaughlin-Gleichner,Occupational Therapist,,
Veriee,,7954742286,,,,
Tanney,Kassel,8457162891,,,,
Verina,Zaniolini,2016678106,Adams-Swaniawski,VP Accounting,,vzaniolinia8@abc.net.au
Cathi,,5133336791,,,,
Cairistiona,Hintzer,7062458378,,,,
Rycca,Langfat,9758543425,,,,
Dionisio,,4417646841,Thiel and Sons,Quality Engineer,,dschererac@smugmug.com
Torrin,Crathorne,4403830485,,,1986-07-27,tcrathornead@illinois.edu
Edik,,5922298142,Reilly LLC,Account Executive,,
Filmore,,2167109681,,,,fgentryaf@disqus.com
Kay,Fleote,2756857170,,,,
Merola,,2985269369,,,,
Elmore,,1273875412,,,,
Everard,,8834899190,Pfeffer Group,Assistant Professor,,evanyakinaj@smugmug.com
Nolana,Mumm,2686274972,Yost-Ledner,Analog Circuit Design manager,,nmummak@shutterfly.com
Roderic,Lymbourne,2648885568,,,,
Maribeth,Ifill,1065853752,,,,
Konstanze,,6761854947,,,,kgrimestonean@trellian.com
Garrik,Mattioni,5703652283,,,,gmattioniao@unc.edu
Stacey,Loverock,9686788877,,,,sloverockap@blogs.com
Clair,Fullylove,3099915340,Hoeger-Bashirian,Account Representative II,,
Merrilee,Lipson,9294166503,,,,
Elita,,2647969884,,,,ematzelas@amazonaws.com
Ewell,,3596608586,,,,erosenfruchtat@1und1.de
Wilie,Iggo,3366730049,,,,
Giustina,,2288036490,,,,
Peter,Rickett,5777776662,,,1991-09-29,
Brien,Juppe,7464556434,,,,bjuppeax@mysql.com
Forester,Leggat,5634171581,,,1992-06-10,
Pen,,7777574582,Walker Inc,Administrative Officer,,
Andres,Chastang,5058326295,,,,achastangb0@latimes.com
Ynez,Raspison,7979053003,,,,
Kaitlyn,Carding,7632350417,,,,kcardingb2@ca.gov
Vinni,Minster,1889412569,Ankunding LLC,VP Accounting,,vminsterb3@about.me
Johan,,8687767999,,,,
Ruperto,Yansons,4812351663,,,,
Lauralee,Tolliday,2475009657,,,,ltollidayb6@pagesperso-orange.fr
Marlee,Liccardo,3192051154,Hermiston Group,Project Manager,,mliccardob7@mayoclinic.com
Linc,Hefford,9198729658,,,,
Arri,Gully,6056239330,,,,
Jania,,8597049043,Rogahn-Paucek,Product Engineer,1999-05-06,
Erin,Magovern,4422159546,,,,emagovernbb@apple.com
Deirdre,,2973547542,Gibson-Weber,Environmental Specialist,,
Kale,Snassell,9262698695,,,,
Noelle,Tattersall,3034278119,,,,
Gilbertine,,6243368967,,,,
Roseanne,Baselli,4079046783,,,,
Quinn,,1002377182,Harris Group,Cost Accountant,,
Stanley,Humphery,4689726623,,,,
Tandie,,3797681911,,,1982-06-24,tmeakingbj@wufoo.com
Brande,McIlhone,1499243749,,,,bmcilhonebk@weibo.com
Muhammad,,9341770245,,,1999-12-07,mmadocjonesbl@upenn.edu
Barney,,1221144630,,,2000-02-11,
Gussi,Rayer,8914959372,,,1985-03-31,grayerbn@squidoo.com
Quintina,,2626678873,,,,
Krisha,Seint,1127672652,,,,
Conrade,,6299464245,,,,cbuncombebq@vistaprint.com
Brock,,4188742277,,,,
Thorstein,,4702497040,Runolfsdottir-Nader,Compensation Analyst,,tsuchbs@jugem.jp
Shandee,,2737604284,Prosacco-Turcotte,Librarian,2002-01-13,sloveladybt@miitbeian.gov.cn
Bastian,Jagger,2146293974,"Emard, Von and Friesen",Health Coach I,,
Tildi,,4136702841,,,,tblythbv@fotki.com
Meier,Risebrow,8378956862,,,,
Moore,Houseman,4185946710,,,,
Darby,Luxmoore,5861715077,"Hoppe, Yost and Klein",Human Resources Assistant III,,
Reyna,Thirsk,9322983844,,,,
Joe,,2495199040,,,,
Bondy,,2655785261,,,,
Richard,,6249039843,,,,
Tomasina,,9341637163,,,,
Meg,,9669589664,McCullough-Strosin,VP Accounting,,
Ida,,8912264850,,,1985-08-29,ikinniec5@bravesites.com
Pearl,,1167859699,"Waelchi, Larson and Cormier",Senior Developer,,
Wanids,Ruppertz,2172218808,Bechtelar Inc,Geologist I,1990-12-31,wruppertzc7@e-recht24.de
Dorris,Forsard,1278058068,,,,
Sascha,,8401933308,,,,stregienc9@surveymonkey.com
Clerissa,,2193256742,,,,craundsca@latimes.com
Damien,Birkhead,8787161430,,,,dbirkheadcb@github.com
Herold,Earry,9891462109,,,,
Bink,,3469805728,"Kulas, Homenick and Morar",Automation Specialist III,,bcollencd@gmpg.org
Zara,Proswell,1531670394,"Balistreri, Bednar and Howell",Payment Adjustment Coordinator,,
Dorris,,6134850338,,,,dcummingcf@free.fr
Lorrie,Tennewell,3748328430,,,,
Corena,Hallahan,2046926454,,,,
Willdon,,4127476100,"Hammes, Romaguera and Macejkovic",VP Accounting,,
Kevon,,6333164651,,,,
Gage,,6029237443,,,,
Lillis,Sutherden,1713341529,,,,lsutherdencl@squidoo.com
Archer,,6453355918,Krajcik-Hartmann,Software Test Engineer II,,
Adams,Fend,7348564541,,,,
Engracia,Hartright,7617856314,"Flatley, Price and Schmidt",Media Manager III,,
Codee,,4624257804,,,,
Nye,,8775398315,,,,
Raffarty,Crump,8121484472,,,,
Meggi,,1428115400,,,,
Rodrique,,3668982651,,,,
Johannes,,6033317588,,,1987-03-19,
Marquita,,8926011262,"Reilly, Romaguera and Smith",VP Quality Control,,mduinkerkcv@jalbum.net
Wilek,Whitta,2452939750,,,,wwhittacw@technorati.com
Clarine,Pady,1525730984,,,,cpadycx@columbia.edu
Harri,McVee,4952946634,,,,
Chariot,Marcome,1008350311,Bergstrom-Streich,Social Worker,,cmarcomecz@joomla.org
Bert,,1563910816,,,,bworgd0@google.com.br
Vivien,,5291280130,,,,
Brigg,Robe,5501509085,,,,
Chan,Jellett,7817926035,,,,
Rodolph,,8334506999,,,1983-06-30,
Rozele,,6167914581,,,,rclaypoled5@amazon.de
Anders,Cruxton,3149839287,,,,
Phaidra,Wickie,3772014297,Dare-Klein,Payment Adjustment Coordinator,,
Skelly,Allmond,8316691768,,,,sallmondd8@cnbc.com
Tomasine,,4203491675,Gulgowski-Kling,Senior Editor,,
Cassandra,,9579695472,,,,
Bartholomeo,Rohloff,8398216018,,,,brohloffdb@hostgator.com
Zia,Annesley,7926359936,"Koepp, Corwin and Bartell",General Manager,,zannesleydc@cdbaby.com
Barton,Shegog,2097281739,,,,
Petr,Soots,7899306206,,,,psootsde@mediafire.com
Fallon,,8091890910,,,,
Ephrayim,Costar,1637446354,,,,ecostardg@hostgator.com
Theo,Pile,2752564322,,,,
Quintus,Grewar,9233856085,,,,qgrewardi@gravatar.com
Brittany,,9215519485,,,,
Fanchon,Josefowicz,5677392459,,,,fjosefowiczdk@dion.ne.jp
Niki,Georgins,7865380481,Hyatt-Volkman,Junior Executive,,
Nevsa,Flew,1822905591,King and Sons,Compensation Analyst,,
Irvin,Wolver,1635417627,,,1998-07-07,iwolverdn@360.cn
Carrissa,,4256957410,,,,
Hubie,Fawltey,2186069439,,,,
Retha,,3653436685,,,,rshallcrassdq@slashdot.org
Enriqueta,,3387091016,,,1994-01-01,
Haily,,8957558050,,,,hrainsburyds@stanford.edu
Kevan,,5744400088,,,,
Sofie,Haverty,3576940781,"Watsica, Torphy and Huels",Executive Secretary,1992-12-16,
Morse,,2507412787,,,,msneesbiedv@state.tx.us
Constanta,,2189050795,,,,challibertondw@istockphoto.com
Caria,,8242547927,,,,
Rorke,,9214206819,,,,
Ambros,,6205765526,,,,
Alanah,Schoolcroft,5237131890,,,,
Casi,Gravenall,8808880500,,,,cgravenalle1@1688.com
Jill,Giovanitti,4898375121,,,,jgiovanittie2@prnewswire.com
Dane,Hall,5811655025,,,,dhalle3@reddit.com
Homer,Minette,4655112804,Toy and Sons,Systems Administrator III,,
Robb,,4568973861,,,,
Carroll,,8184609120,,,,
Patin,,3228030688,,,,
Flossy,Ellor,2804061059,Raynor and Sons,Clinical Specialist,,fellore8@engadget.com
Gaspard,,6966467302,"Ullrich, Mann and Cummerata",Nurse,,gdurlinge9@bbc.co.uk
Westbrooke,,5311931028,,,,wgreaveea@alexa.com
Omar,Jagels,2877010312,,,2001-08-20,ojagelseb@ftc.gov
Roy,Bevens,9691746044,Gutmann Inc,Director of Sales,,
Nanice,Newsham,2029599234,,,1998-10-24,nnewshamed@wired.com
Lutero,,8915968630,,,,
Kore,Empleton,8648951023,,,,kempletonef@nifty.com
Petrina,Tombleson,7008241165,Von LLC,Accountant III,,ptomblesoneg@gnu.org
Brod,Tuffrey,3198871734,Williamson Group,Speech Pathologist,,
Katuscha,Laundon,7292978383,,,,
Sadie,Kitcatt,6715486027,,,,skitcattej@apple.com
Sasha,,5111654018,,,,
Tiff,Reinger,1711508821,,,,treingerel@ifeng.com
Almira,Christon,4816853925,King and Sons,Account Executive,,achristonem@bing.com
Alexandre,Kenningham,1858844054,"Rolfson, Stroman and Hoppe",Business Systems Development Analyst,,
Melina,Skeermor,8907730443,,,,mskeermoreo@cnet.com
Marwin,Spellissy,2995337397,,,1981-05-21,mspellissyep@plala.or.jp
Angelika,,4467034803,,,,adonizeaueq@usgs.gov
Nikaniki,O'Skehan,6122601454,,,,
Si,,7828331205,,,2001-08-17,snoquetes@cdbaby.com
Peadar,,9487445240,,,,pcaminet@mapquest.com
Antonella,Heater,2722594784,"Hammes, Kling and Armstrong",Tax Accountant,,aheatereu@so-net.ne.jp
Westley,Duigan,2064366736,"Kris, Renner and Marquardt",Accounting Assistant III,,
Nicki,Bloxam,4472649388,,,,
Deirdre,Dulanty,7252705166,,,,
Wittie,Swindall,4266301494,,,1995-01-19,wswindalley@about.me
Tandi,Keane,3504147263,,,,
Malinda,Tinkler,2683385794,,,,
Petronille,,4061314000,,,,
Julia,,3867277207,,,,jlittleyf2@oaic.gov.au
Brien,Michelotti,7128911374,,,,bmichelottif3@pcworld.com
Wye,Dawe,3597726879,,,,
Danielle,,5384860823,,,1984-05-03,dboutellf5@cornell.edu
Sosanna,Dryden,8684524991,,,,sdrydenf6@kickstarter.com
Olivier,Mayman,4381065739,,,,omaymanf7@twitter.com
Cart,Minnock,3282415623,,,,cminnockf8@odnoklassniki.ru
Eric,,4073750822,,,,echipchasef9@census.gov
Jo-anne,Bowell,6715037373,,,,
Tasia,,3377762239,,,,twaddellfb@zdnet.com
Loydie,Towhey,4023205636,,,,ltowheyfc@tumblr.com
Viva,Dotterill,3737855157,,,,
Corbin,,6812420681,,,,cellphfe@abc.net.au
Rickard,Thalmann,8839175024,,,,
Susanetta,,3698481019,,,,spredohlfg@umn.edu
Edita,Simmans,4437058087,"Fisher, Mayert and Goyette",Budget/Accounting Analyst I,,
Ceciley,McLeish,2206388567,,,,
Tate,Daud,1938851055,Bode-Johns,Data Coordiator,,
Gage,Pinn,4811518697,,,,gpinnfk@wix.com
Arny,,8449468631,,,,
Mehetabel,,1809713441,,,,
Alvina,Lafford,6018514562,,,,alaffordfn@ucoz.ru
Colin,Pelos,3866842988,,,,
Corrie,Saldler,8605008946,,,,csaldlerfp@chicagotribune.com
Amie,Andor,4171906164,,,,
Nikolai,,1009964530,,,,
Irving,Sitch,7458801407,,,,isitchfs@squarespace.com
Dean,,4542181030,,,,
Whitby,Smewings,4602568578,,,,
Georgy,Sparshatt,4336317891,,,1985-05-11,gsparshattfv@lulu.com
Donetta,Sybry,8372310845,,,1990-05-15,
Edee,Wohlers,6325382580,,,,ewohlersfx@newyorker.com
Sophie,,8197468855,,,,
Janette,Symers,8016729753,,,,
Steward,,5308283767,,,,
Lorry,Rawsen,1458702500,,,,
Ricky,Vickery,8528972147,,,,rvickeryg2@about.me
Bald,,8434968202,,,,
Shirlee,Gallamore,3271648056,,,,sgallamoreg4@cnet.com
Brig,,5641832115,,,,bsidaryg5@reverbnation.com
Joelle,Kurtis,5707134107,,,,
Cory,Mattaser,6374540470,,,,
Myrah,Garvan,8413142146,,,,
Ingunna,Scotchforth,2234779095,,,,
Stefano,Gregs,9199161351,Hansen and Sons,Food Chemist,1996-11-10,
Nero,Vice,1481316174,,,,nvicegb@storify.com
Cristina,Rolles,7909159634,,,,crollesgc@shareasale.com
Xavier,,1599901174,Rolfson-Fisher,Civil Engineer,1984-06-19,
Morissa,,1342488106,,,,
Derek,Lippatt,1107038443,,,,
Robers,Rodolphe,9563609381,"Padberg, Bayer and Conn",Mechanical Systems Engineer,,
Shaw,Child,1742308419,"Swaniawski, MacGyver and Douglas",Editor,,
Mikkel,,8141349979,,,,
Bonni,Barwood,4032032590,,,,
Hillery,,6246255023,,,,
Lynette,,6737211534,,,,lbartosinskigl@stumbleupon.com
Clayson,,5951438988,,,,
Windy,Broster,4972916217,,,,wbrostergn@cargocollective.com
Babara,Padilla,8208717296,,,,
Rabi,Smoughton,4842708869,Hoeger LLC,Senior Financial Analyst,,
Faulkner,,5069186571,,,,
Carolee,Ozintsev,5986738256,,,,cozintsevgr@about.me
Carlos,Tomaskov,2604954333,,,,ctomaskovgs@oaic.gov.au
Shayne,,7834519173,,,,sdavydychevgt@jigsy.com
Verina,,6443294118,,,,vaudenisgu@cisco.com
Nichols,,8483951204,Schneider-VonRueden,Tax Accountant,,nandrigv@nature.com
Dolores,,8445739500,,,,
Gerhard,Bennen,5372825974,,,,gbennengx@biblegateway.com
Lilli,Vasin,2627940611,,,1981-12-19,
Faye,Paulus,7109035049,,,,fpaulusgz@acquirethisname.com
Janka,,6071599963,Maggio Inc,Tax Accountant,,jklimth0@about.com
Sherlock,Kondratowicz,6516283012,Harris and Sons,Senior Sales Associate,,
Philipa,McCloud,1773489502,,,,
Ermengarde,Powis,5917715804,,,,epowish3@guardian.co.uk
Dedra,Brimblecomb,7956181826,,,,
Orland,Tollfree,4105366742,,,,
Tommy,Franzotto,5391964210,,,,
Meryl,Eastridge,1817120142,,,,meastridgeh7@yahoo.co.jp
Celeste,McAvaddy,1992598403,"Ferry, Harvey and Lemke",Senior Editor,,cmcavaddyh8@wordpress.com
Glad,,7011992065,,,,
Esdras,Maughan,3659167094,"Fritsch, Hodkiewicz and Block",Assistant Professor,,
Craig,Gresch,8665312786,Lindgren-Rolfson,Analog Circuit Design manager,,
Nils,,2245804116,,,,npickworthhc@mapquest.com
Bary,,9868610783,,,,
Nevil,Bortolomei,8939129534,,,,
Leonanie,McQuin,8421687094,,,,lmcquinhf@cbslocal.com
Leora,Benezet,8579647718,,,,
Daria,Fieller,7063527335,,,,
Moreen,,1681280940,,,,mtrippackhi@cnbc.com
Tucky,Belverstone,2698692390,,,1981-07-31,
Michell,,1122809528,,,,mwithamhk@businessinsider.com
Nestor,,1464267533,,,,
Kylynn,,5252689095,,,,
Burnaby,Kintish,7719005639,,,,
Alfie,,4759918550,,,,
Rourke,Tysack,5139042949,,,,
Carolann,Wisdish,8182837667,Koss-Hegmann,Internal Auditor,,cwisdishhq@tinyurl.com
Willabella,Houldin,9012464362,White-Gerlach,Software Engineer IV,,
Nappie,Baike,8631109804,,,1999-01-26,
Nathan,,6922218957,,,,nshawcroftht@home.pl
Bell,Cleiment,7684785454,,,,
Liza,,1216715654,,,1985-08-17,
Dorothy,Parlor,9314601861,,,,dparlorhw@blog.com
Halsy,,1191006592,,,,
Barde,,8415899304,Bogisich and Sons,Accountant II,,
Leann,Bilton,1806872445,,,,
Patten,Maven,5418807152,,,,
Karissa,,6178366780,,,,
Gino,Casaletto,2149732695,Weissnat Inc,Quality Control Specialist,,gcasalettoi2@moonfruit.com
Jerome,,3843549142,"McKenzie, Considine and Rau",Assistant Manager,,
Roma,Colbeck,4132912314,,,,rcolbecki4@tumblr.com
Gan,,4047958979,,,1981-11-16,
Grete,Goshawke,2853545311,Greenfelder-Mueller,Software Test Engineer I,,
Jammal,,2297803843,,,,jseabrighti7@huffingtonpost.com
Aggi,Mirrlees,2653464162,,,,amirrleesi8@princeton.edu
Kakalina,,9642956214,,,1987-04-22,
Aggi,,5503746476,,,,
Tamar,Sorton,4685248596,,,,tsortonib@google.cn
Gregorio,Pingstone,2281853256,,,,
Hugo,,9501115482,,,,hmossid@uol.com.br
Josefa,Blenkhorn,7846088196,,,,jblenkhornie@mayoclinic.com
Lorri,Joret,5183992690,,,,
Lillis,,1529605583,"Herman, Baumbach and Adams",Mechanical Systems Engineer,,
Ancell,Botting,7569592790,,,,abottingih@theatlantic.com
Farra,,7957369811,,,,
Druci,Torricina,8793388668,,,,
Ekaterina,,8052699868,,,,eedgeonik@desdev.cn
Corney,Roller,1684130556,,,1983-10-12,crolleril@gov.uk
Randy,Edney,4111271638,,,,
Winslow,,7437927736,,,,
Manfred,,9227217915,,,,
Tootsie,Diglin,1714925473,"Weissnat, Hartmann and Wyman",Desktop Support Technician,,
Lawton,Grundell,5227326675,,,,
Arel,Till,6641379720,,,,atillir@disqus.com
Cecilla,Woodstock,3157303528,"Schmitt, Kovacek and Dare",Budget/Accounting Analyst II,,
Luigi,Grunson,2356683572,,,,lgrunsonit@phpbb.com
Poul,,5553886511,,,,
Vick,Neasam,3089343723,,,,vneasamiv@chron.com
Arnoldo,,2791081049,"Becker, Marks and Dach",Programmer Analyst III,,amedcalfeiw@mapquest.com
Billie,,8238114622,Witting Inc,Payment Adjustment Coordinator,,bmclardieix@slashdot.org
Guglielmo,Webber,9248634167,,,,
Marielle,,2614368226,,,,mthreadgoldiz@slideshare.net
Adeline,Mora,9389022489,Renner-Wilkinson,Director of Sales,,amoraj0@parallels.com
Tarra,Fowells,6255964087,Hartmann-Wiza,VP Product Management,,
Addi,Matiebe,5741280331,"Barton, Larkin and Feeney",Compensation Analyst,,
Tracy,Polkinhorn,7847895976,,,,
Kara-lynn,Felton,4297892207,,,,kfeltonj4@gov.uk
Myrta,,2005891485,,,,
Nye,,4978604983,,,1985-01-05,
Amandy,Gissop,7889080811,,,,
Martyn,,3028891363,,,,
Skipton,Spitell,2591286247,,,,sspitellj9@domainmarket.com
Adena,Dellenbach,7149413213,,,,adellenbachja@dyndns.org
Margy,,8071781068,,,,
Seka,Fulstow,8761213383,,,,
Nessa,Mustoe,6965545751,,,,
Jamal,Hedley,4489621858,,,,jhedleyje@amazon.com
Anallese,,9525919357,,,,
Samara,Pietesch,5642096876,,,1999-09-10,spieteschjg@ow.ly
Ailene,Ambroz,9804536283,,,,aambrozjh@economist.com
Ian,Penritt,1448445285,Flatley Group,Programmer Analyst II,,
Caryn,,2678256816,,,,cdakersjj@edublogs.org
Justina,,8747308372,,,,
Ronald,Bartlomieczak,2749969965,,,,
Wesley,Plimmer,8048348457,,,,
Andy,,8028805009,Rohan-Christiansen,VP Marketing,2001-11-08,
Francklyn,,9007572609,,,,
Griffith,Jellicorse,7082074723,Kohler Group,Pharmacist,,gjellicorsejp@plala.or.jp
Ibrahim,Blakes,5209669300,,,,iblakesjq@infoseek.co.jp
Lucretia,,1589541012,,,,
Sofia,Samet,3889955387,,,,
Chickie,Wilding,6355825740,,,,cwildingjt@cnbc.com
Moe,O'Hickee,2628346636,,,,mohickeeju@yahoo.com
Meghan,Proback,5523927675,Deckow Group,VP Quality Control,,mprobackjv@nationalgeographic.com
Jdavie,,8124905674,Feeney-Bartoletti,Community Outreach Specialist,,jsicilyjw@xinhuanet.com
Cristen,Sanday,2585751083,,,,
Grete,Feore,8396228966,,,,
Selia,Langcastle,1001091863,,,,
Lula,Chaudhry,5757687601,,,,
Lilyan,Blockey,5438129731,,,,
Emmalee,Peschmann,5192634547,"O'Kon, Greenholt and Hermiston",Legal Assistant,,
Danell,,9409382092,,,,
Stanislaus,,8857128246,,,,
Angel,,8638101563,Halvorson-Hayes,Quality Engineer,,
Burr,,7909810837,,,,bmuzzollok6@mac.com
Lucretia,Diben,7858813372,,,,ldibenk7@yahoo.co.jp
Levi,,5525491339,,,,lsandomk8@freewebs.com
Antoine,Yegorev,3941431843,,,,
Linnea,,5357541676,"Haley, Blanda and Cronin",Marketing Manager,,lgraceka@un.org
Darleen,Warrick,2086523862,,,,
Merry,Mathelin,8157280584,,,,mmathelinkc@arizona.edu
Avram,,2062055937,,,1996-03-13,
Alfonso,Springer,3597065555,,,,
Rubia,,3427012888,,,,rjoslinkf@msn.com
Robinetta,Bremond,7121212935,,,,
Allina,Lewing,7347714197,,,,
Roby,Geratt,8322938405,Block-Haley,Nuclear Power Engineer,,
Melisse,Tonepohl,2773323873,,,,
Sallyann,,4763683443,,,2000-04-11,
Glyn,Trunchion,1974596533,,,,
Gerhard,Rospars,8542820567,,,,
Janek,,2002781706,,,,
Cathy,,5027301405,,,1981-01-23,
Everett,,4791126440,,,,
Margarete,,5044238259,,,,
Tessie,Buttner,2441343419,,,1998-03-21,
Lyon,Wildin,8548288675,,,,
Jordan,Knibbs,4944645157,Boehm-Altenwerth,Programmer III,,
Drucie,,7241952110,"Wisoky, Kuvalis and Leuschke",Recruiting Manager,,
Ignacius,Abbate,9539356923,,,,
Levi,,4484102245,Hansen Inc,Programmer Analyst I,,
Mommy,Pavey,6543261500,,,,mpaveykx@disqus.com
Zach,,2243784764,,,,
Nichole,,3382771204,,,,nflacknellkz@chron.com
Kyrstin,Althrop,1532924542,Wyman-Ernser,Assistant Professor,,
Dorian,Gaskin,7605108136,Kunze Group,Environmental Specialist,,dgaskinl1@merriam-webster.com
Lisette,McCahill,1288261035,,,,lmccahilll2@amazon.de
Tanner,Jeffryes,3987795396,,,,
Berty,Gniewosz,3315545803,,,,
Brant,Curee,2572768275,,,,
Herta,Hudleston,5703345384,,,,hhudlestonl6@reuters.com
Burtie,Kidston,5034228644,,,,bkidstonl7@de.vu
Joyce,Bayfield,3676198917,"Bechtelar, Lesch and Jerde",Geologist III,,
Athene,Kirsche,1467046895,,,,akirschel9@prlog.org
Gaelan,Champ,3423156969,,,,gchampla@who.int
Gillan,,1084280351,,,,
Sigismundo,Gregoli,9746088040,,,,
Nerissa,Wigmore,6177373225,,,,
Jade,Aris,1428612065,"Hodkiewicz, Hettinger and Ledner",Cost Accountant,,
Lauritz,Caesman,5136115274,,,,
Humfrey,,4044054722,,,,hkellewaylg@bandcamp.com
Fiorenze,Grinyov,6132288912,,,1988-04-25,
Danika,,5465035098,,,,
Madeleine,Pryde,3489889762,,,,mprydelj@yelp.com
Pyotr,Dexter,7646001097,,,,pdexterlk@sourceforge.net
Elena,Iacovielli,6766833513,Harber LLC,Editor,,
Linn,,4276616470,,,,
Reinhard,,4043703901,,,,
Brion,Joust,1737053247,,,,bjoustlo@uiuc.edu
Moreen,,7096718191,,,,mmageelp@state.tx.us
Nesta,Gosalvez,8504525326,,,,
Kristos,,9976315309,,,,kmarcqlr@deviantart.com
Woodie,,7939535951,,,,wdoddls@cyberchimps.com
Cloe,Richfield,1483940318,,,,crichfieldlt@dropbox.com
Ilaire,Manifold,7341917940,"Conn, Zboncak and McClure",Administrative Officer,,
Ariadne,,5861351661,Willms Inc,VP Accounting,,agrieswoodlv@cam.ac.uk
Bette,,5682506108,,,,bhaugehlw@hhs.gov
Rickie,Geard,7909884081,Bins Inc,Health Coach IV,,
Kile,,7637447695,,,,
Gui,Woodfine,6599464662,,,,gwoodfinelz@fastcompany.com
Karina,,8264816637,,,,
Marielle,Dinzey,6411196499,,,,mdinzeym1@scribd.com
Frederick,Schwandermann,7917405219,,,,fschwandermannm2@godaddy.com
Devora,Powelee,9296982036,,,1983-12-09,dpoweleem3@google.fr
Andre,,7729706277,,,,
Pierre,Lower,1493705523,,,,plowerm5@google.co.uk
Ulises,Caberas,4159855442,,,,
Erminia,,5037489705,Reynolds-Schneider,Geological Engineer,,
Thorsten,,5244874326,,,,tphilipardm8@homestead.com
Reese,Huff,5895324767,,,,rhuffm9@discuz.net
Jonell,Vereker,4831722426,,,1999-06-03,
Delbert,Semens,9286778855,,,1994-03-03,
Portia,,4888176056,"Powlowski, Crona and Medhurst",Data Coordiator,1985-02-17,
Aloin,,9535670196,,,,
Bryn,Deakin,9114875491,,,,bdeakinme@pagesperso-orange.fr
Casar,Golling,6896428791,,,,cgollingmf@fc2.com
Kipp,Burnsyde,3221061641,,,,
Rowen,,8255753662,"Mertz, Schulist and Franecki",Account Representative IV,,rshilstonemh@moonfruit.com
Callean,,7863071914,,,,
Alysa,Ickovitz,5253361330,,,,aickovitzmj@sbwire.com
Alvan,,6921639413,,,,
Jannelle,Heel,5638283637,,,,
Wanids,Currall,4447131827,,,,
Jacenta,McCanny,9102862796,Waelchi-Schaefer,General Manager,,
Noell,Mulrenan,9564803408,,,2001-07-02,
Adela,,9734489116,,,,
Vasili,,1733911294,,,,
Marguerite,,1712460820,,,,mfazanmr@ask.com
Norine,,7259526166,,,,ngoffordms@arizona.edu
Geralda,Prigmore,1533871887,,,,
Nanete,Clewer,6738955752,,,,
Herman,,2643957051,,,1988-10-07,
Lorine,Grimsdell,2251181485,,,,lgrimsdellmw@goo.gl
Emilio,,4646327703,,,,
Arlette,Gettings,6602712342,Mayer Group,Nurse,,
Stefan,,5359663083,,,,
Lonna,Swyndley,9853628956,Kohler-Huel,Tax Accountant,,
Franzen,Silman,9941781118,,,,
Marianne,Southey,4883244911,,,,msoutheyn2@walmart.com
Nataline,,5374521801,,,,
Ciel,Fullard,2277389527,,,1988-12-15,cfullardn4@prlog.org
Hobard,,6754832908,,,,
Johna,Bartels-Ellis,8312632696,"Thompson, Conn and Schuster",Biostatistician II,,
Alisha,Gauchier,5369272875,,,,agauchiern7@sourceforge.net
Zenia,,7215922084,,,,
Bette-ann,,3198127186,,,,
Elora,Pring,3513856991,Abernathy LLC,Actuary,,
Herve,Mein,1087374273,,,,hmeinnb@bbb.org
Dougy,Betham,7699237908,,,,
Addy,,9124053508,,,,
Stefa,,1073211684,Hoppe-Hand,Actuary,,
Felipe,Gokes,8473443172,,,,fgokesnf@lulu.com
Nil,Sutherel,3189242863,,,1995-05-23,
Lancelot,,1722268784,,,,lweeklandnh@seesaa.net
Sandor,Parnell,3206456964,,,,sparnellni@ameblo.jp
Fabiano,Argente,2287221769,,,,
Grissel,Brian,3558470565,"Olson, Cassin and Brakus",Project Manager,,
Rutter,Fotitt,6152422491,"Funk, Russel and Hahn",Recruiter,,
Myles,,1444756934,Kemmer and Sons,Associate Professor,,mtarvernm@technorati.com
Addison,McKeeman,9413024651,,,,
Kati,Reeson,1325267383,,,,
Jessa,Poyzer,9334159962,,,1991-02-03,
Collette,Lattin,7881520895,,,,clattinnq@goodreads.com
Shayne,Renney,5748370482,,,,
Fancy,,6694449102,"Dach, Wiza and Padberg",Paralegal,,
Lewes,Castiello,9879927714,Feil-Bogisich,Quality Control Specialist,,
Daryn,Jirusek,6637709409,,,,
Kendrick,,9374531048,,,,
Edan,,5373197654,,,1999-12-15,
Val,Fussie,4617951002,,,,
Helena,,2725560642,Lebsack Group,Senior Sales Associate,,
Deck,,4691986461,,,,
Gerry,Huish,2955395659,,,,
Winfield,Tuison,7274724740,,,,
Lucie,Bellfield,2417174022,,,,
Ewell,Izkovici,2759408488,,,,eizkovicio3@biglobe.ne.jp
Chrysler,,6787985612,Prohaska Inc,Research Associate,1994-07-01,
Bengt,McGiveen,3634200864,,,,bmcgiveeno5@prlog.org
Bernette,,3225388371,Lemke Group,Internal Auditor,1996-01-04,bpauntono6@spiegel.de
Nicolle,,3041283944,,,,nerbaino7@netlog.com
Abraham,Venner,7795331160,,,,
Michale,,4672949826,Renner-Littel,Systems Administrator I,,
Dallon,Milier,7324926332,,,,dmilieroa@google.co.uk
Bartie,Kavanagh,6595418515,,,,
Alanson,,1548662709,,,,
Nerissa,Kellough,2611598280,,,,nkelloughod@squarespace.com
Berky,Pidcock,9863563974,,,,
Josias,Vanichev,6811356818,"Stoltenberg, Schneider and Anderson",Data Coordiator,1994-10-08,
Melosa,Ahmad,5804655643,,,,
Becca,,3386962128,,,,
Kelci,,9141830088,"Swift, Altenwerth and Heaney",Software Consultant,,
Mehetabel,,8219533866,,,,
Clemmie,Ozelton,4004512820,,,,cozeltonok@icio.us
Ag,Brightling,6549067007,,,,
Fergus,Craik,2526883862,,,,
Idaline,Merfin,8926560696,,,,imerfinon@aol.com
Anastasia,Stichall,6901217693,,,,
Nanice,Yakebovich,3242124833,,,,
Thoma,Dando,9602549169,,,,
Gustav,,9933001141,,,,
Hermie,,2824963433,,,,
Mercedes,,2687298758,,,,mbatchelarot@cocolog-nifty.com
Wes,Doring,7702141051,,,,
Abran,Plaister,3015586072,,,1985-06-19,aplaisterov@disqus.com
Claudina,,9449634017,Sporer LLC,Geologist II,,
Pam,Firman,3772001636,"Durgan, Pacocha and Lebsack",Registered Nurse,1983-06-16,pfirmanox@loc.gov
Babs,Lunt,8354565006,,,,
Rubina,Freckleton,6732038561,,,,
Corrie,Toyer,7995180930,,,,
Kayle,,3658568447,Shanahan Inc,Actuary,,kmaiorp1@goo.ne.jp
Avril,,9361749710,,,,amaybeyp2@creativecommons.org
Mord,,5845971299,,,,
Dan,,9958347112,,,,
Arney,,4197611377,,,,
Kristy,,6451528267,,,,
Modesty,Otter,6806651972,"Fay, Gleason and Simonis",Food Chemist,,
Xenia,Levis,4871628706,"Schuppe, Koepp and Hoeger",Professor,,
Rafaello,Dugmore,3745685212,,,,
Pam,,4977762453,Hermiston-Lang,VP Accounting,,
Olga,Rospars,1423512878,Osinski-Daugherty,Dental Hygienist,,
Maritsa,,7916195307,,,,
Amie,Rubinow,7999107127,,,,arubinowpd@drupal.org
Mick,Smalls,5675154886,,,,
Cynthie,,7416443675,,,,cfranzkepf@flavors.me
Teressa,,9355008211,"Medhurst, Renner and Pfeffer",Analyst Programmer,,tpirtpg@theatlantic.com
Sarena,,3164329476,,,,
Chrisy,,8536611330,,,,
Talyah,Addicote,1727493779,,,,taddicotepj@desdev.cn
Alasteir,Sadat,6109331548,"Larkin, Kunze and Prohaska",Programmer IV,,
Sylvan,,8409364847,,,,
Toma,Hothersall,9602023858,,,1996-03-24,thothersallpm@hp.com
Leslie,,4775199285,,,,
Ashil,Hendrickx,2928707664,,,,
Andrus,Lauchlan,8986506477,,,,
Melissa,,8114320044,,,,
Brockie,Benasik,7858240938,Wunsch-Welch,Junior Executive,,
Nichols,Eden,3843022367,,,,
Kimbell,Licciardello,9958155788,,,,
Pattie,Linden,9836792700,,,,plindenpu@vk.com
Orsa,,8453736003,,,,
Moe,Bradly,4272583697,,,,
Vale,Antham,9227906893,,,,vanthampx@indiatimes.com
Scotty,Allbut,5698680579,,,,
Avrom,,8222967428,,,1992-01-18,
Shirley,,6901875393,,,,sjancicq0@last.fm
Laurice,Livsey,4958533635,,,1996-07-13,
Lilla,Shord,2356840244,,,,
Paddy,Hebble,5438265037,Armstrong and Sons,Senior Sales Associate,,
Jehanna,Kun,1892790005,,,,
Amity,Moens,2902809687,,,,amoensq5@fotki.com
Johny,Nuth,9643713499,,,,jnuthq6@omniture.com
Sharona,,5869804225,,,,
Faunie,,7191777065,,,,flivockq8@boston.com
Lanni,,2125021651,,,,
Ambrosi,Twiggs,7851766350,,,,
Cariotta,Brittlebank,1634958201,,,,
Rickey,McMeeking,6688606773,Kuhn Group,Analyst Programmer,,
Kevon,,6254011578,,,,
Trudey,Graham,5999612660,,,,tgrahamqe@blog.com
Nerti,,1868435043,,,,ncapiniqf@soundcloud.com
Stesha,,6131349700,,,,
Kara-lynn,,5897759731,,,,
Brandea,Burmingham,3958075102,,,,bburminghamqi@sbwire.com
Mikel,Prothero,4008374147,,,,
Cad,Hedditch,7244944385,,,1991-07-02,
Dorian,Berthouloume,2836690246,Thiel-Bergstrom,Nurse,,
Durward,Pray,5155386483,,,,dprayqm@answers.com
Sherlocke,,2922163892,,,,
Sebastiano,Kauffman,5388925321,,,,
Arthur,Slatcher,3998616933,,,,
Karlens,,9776917621,,,,
Petr,Crosfield,4448901431,"Moore, McGlynn and Fahey",Product Engineer,,
Gaby,,4734192507,,,,
Rubina,,8573150801,,,,rhenzeqt@gnu.org
Raimundo,,6877828497,,,,
Guillaume,Feavearyear,9456162808,Kris-West,Geologist III,,
Demetrius,Schistl,2615475558,,,,
Boothe,Tiery,7465919051,,,,
Albie,Markl,9393717201,,,,amarklqy@hibu.com
Daune,Kyncl,2937307593,,,,dkynclqz@economist.com
Marta,Ghelarducci,2805027695,,,,mghelarduccir0@t-online.de
Giusto,,3392960759,,,,
Janenna,Congdon,1602489435,"Hettinger, Champlin and White",VP Product Management,,jcongdonr2@usa.gov
Lyn,Creaser,4289175763,"Stehr, Rowe and Hegmann",Staff Accountant IV,,
Tomaso,,4112987358,,,,tlountr4@vk.com
Franny,,8361620716,,,,
Kalvin,,4944961775,,,,
Modesta,,7852654534,Okuneva Group,Research Associate,,
Kristopher,,3444980187,Cronin-Leffler,Senior Quality Engineer,,
Georgena,,5538707606,,,1982-06-30,ggilsthorper9@berkeley.edu
Bartlet,Probey,7252319742,Jacobs and Sons,Associate Professor,,bprobeyra@nytimes.com
Tabbi,Taphouse,1142490569,,,,ttaphouserb@drupal.org
Ana,Snoddon,6774262552,,,,
Marla,Braghini,1366929809,,,,
Kendricks,Roycroft,1616188068,,,,kroycroftre@paypal.com
Christin,Twittey,4453478265,,,,
Ruddy,Paule,5066475526,,,,rpaulerg@icio.us
Maurice,Ogdahl,4856266350,,,,
Rollin,Giles,6258517442,,,,rgilesri@si.edu
Ursala,Jerrems,4891548991,,,1990-05-28,
Barclay,Malan,8992538332,,,,
Hollie,O'Sirin,4154164489,,,,hosirinrl@fastcompany.com
Winston,,1491468549,,,,
Mirilla,,2888055581,,,,
Barnett,Vanyashkin,5809725279,,,,
Sanford,,4949382441,,,,
Raynell,Staley,7677574919,,,1981-07-15,
Lita,,6405555862,,,1982-04-09,
